Докладно,,"Харків та Одеса під ударом: десятки постраждалих і зруйновані будинки
17 січня 2024
У Давосі Зеленський отримає послання від Америки. Що в ньому
16 січня 2024
Нічна атака дронів на російський Воронеж - оголосили надзвичайний стан, руйнування біля аеродрому
16 січня 2024
Найбільша втрата авіації Росії на війні? Як і чим збили російські А-50 та Іл-22
15 січня 2024"
Ефір ВВС Україна,,"6:25
Відео,
Як безпечно качати прес. Тренування від в.о. міністра спорту Матвія Бідного
Тривалість, 6,25
15 січня 2024
3:24
Відео,
Прем'єр Британії Сунак: ""Інвестиція у безпеку України - це інвестиція у нашу безпеку""
Тривалість, 3,24
15 січня 2024
3:13
Відео,
Зеленський розповів, чому чоловіки мають повертатись з-за кордону
Тривалість, 3,13
11 січня 2024
2:08
Відео,
Новий удар по готелю у Харкові
Тривалість, 2,08
11 січня 2024"
Війна Росії проти України,,"""Путін – хижак"". Що Зеленський розповів про війну в Давосі
16 січня 2024
Як уряд Польщі зумів розблокувати кордон з Україною
16 січня 2024
""Україна не прийме заморожений конфлікт"". Як у Давосі обговорили мир з Росією перед візитом Зеленського
15 січня 2024
Як поранений росіянами український ведмідь знайшов новий дім у Шотландії
15 січня 2024"
Книга року ВВС,,"Історія, від якої холоне кров. Чому чоловік найняв людей видалити пеніс та інші органи
16 січня 2024
Іран атакував балістичними ракетами Ірак біля консульства США. Що це значить для України
16 січня 2024
""Минулого літа мене стерилізували. Чому я знову вагітна?""
15 січня 2024
А-50 та Іл-22. Що сталося з російськими літаками і чому вони такі важливі
15 січня 2024"
Відео,,"Чому енергетичні напої можуть викликати суїцидальні настрої у дітей
16 січня 2024
Хвороба Х. Що це таке і чому ЗМІ заговорили про нову ""пандемію""
15 січня 2024
Лінійне мислення. Чому те, чого нас навчали в школі, не працює в реальному житті
14 січня 2024
Мода 2024. Що ми носитимемо цього року
14 січня 2024"
Україна,,"Facebook
YouTube
Telegram
TikTok"
Світ,,
Життя,,
Підписуйтеся на нас у соцмережах,,
